{
  "model": "<repo_root>/models\\pythia-1.4b",
  "train_vocab": "random",
  "target_mode": "real",
  "target_source": "input_embed",
  "target_layer": null,
  "target_prompt": null,
  "target_model": null,
  "target_metric": "pca",
  "eval_query_mode": "synonym",
  "query_dict_path": "<repo_root>/materials\\G1_queries\\pythia_synonym_clean.json",
  "seed": 2,
  "pca_dim": 32,
  "n_train": 400,
  "n_test": 120,
  "max_new": 250,
  "tie_word_embeddings": false,
  "base_heldout": {
    "n_kept": 98,
    "parse_rate": 0.8166666666666667,
    "per_word_pearson_mean": 0.015359785240299883,
    "rsa": -0.014945579385366933,
    "rsa_p": 0.2748625687156422
  },
  "lora_trainable_params": 25165824,
  "embed_frozen": true,
  "ft_heldout": {
    "n_kept": 104,
    "parse_rate": 0.8666666666666667,
    "per_word_pearson_mean": 0.15883533700766267,
    "rsa": 0.14492139151513958,
    "rsa_p": 0.0004997501249375312
  },
  "ft_trained": {
    "n_kept": 337,
    "parse_rate": 0.8425,
    "per_word_pearson_mean": 0.43544756089142517,
    "rsa": 0.45339209763164434,
    "rsa_p": 0.0004997501249375312
  }
}