{
  "model": "Qwen/Qwen2.5-0.5B-Instruct",
  "n_fab": 16,
  "k": 5,
  "n_words_bank": 253,
  "seeds": 3,
  "mean_rsa": 0.011154859552963296,
  "rsa_sd": 0.02668748413586749,
  "p_values": [
    0.23138430784607697,
    0.0024987506246876563,
    0.816591704147926
  ],
  "n_sig": 1,
  "per_seed": [
    {
      "seed": 0,
      "n_kept": 238,
      "avg_samples": 2.2100840336134455,
      "fab_cos": 0.12841930929366233,
      "rsa": -0.01671801495022632,
      "z": -1.2070892130408482,
      "p": 0.23138430784607697
    },
    {
      "seed": 1,
      "n_kept": 235,
      "avg_samples": 2.3063829787234043,
      "fab_cos": 0.14272235275734052,
      "rsa": 0.04712898870843837,
      "z": 3.1129525203197415,
      "p": 0.0024987506246876563
    },
    {
      "seed": 2,
      "n_kept": 238,
      "avg_samples": 2.277310924369748,
      "fab_cos": 0.1315971736186346,
      "rsa": 0.0030536049006778397,
      "z": 0.24295039642794616,
      "p": 0.816591704147926
    }
  ]
}