{
  "model": "<repo_root>/models\\OLMo-2-0425-1B-Instruct",
  "train_vocab": "random",
  "target_mode": "real",
  "target_source": "input_embed",
  "target_layer": null,
  "target_prompt": null,
  "target_model": null,
  "target_metric": "l2norm",
  "eval_query_mode": "self",
  "query_dict_path": null,
  "seed": 1,
  "pca_dim": 1,
  "n_train": 400,
  "n_test": 120,
  "max_new": 250,
  "tie_word_embeddings": false,
  "base_heldout": {
    "n_kept": 119,
    "parse_rate": 0.9916666666666667,
    "scalar_pearson_r": -0.08855709358574292,
    "scalar_spearman_r": -0.026015476492788417,
    "rsa": -0.08855709358574292,
    "rsa_p": 0.335832083958021,
    "per_word_pearson_mean": -0.08855709358574292
  },
  "lora_trainable_params": 24117248,
  "embed_frozen": true,
  "ft_heldout": {
    "n_kept": 120,
    "parse_rate": 1.0,
    "scalar_pearson_r": 0.8416170996997904,
    "scalar_spearman_r": 0.813354312896768,
    "rsa": 0.8416170996997904,
    "rsa_p": 0.0004997501249375312,
    "per_word_pearson_mean": 0.8416170996997904
  },
  "ft_trained": {
    "n_kept": 400,
    "parse_rate": 1.0,
    "scalar_pearson_r": 0.9999992768847579,
    "scalar_spearman_r": 0.9999937655666007,
    "rsa": 0.9999992768847579,
    "rsa_p": 0.0004997501249375312,
    "per_word_pearson_mean": 0.9999992768847579
  }
}