{
  "model": "<repo_root>/models\\OLMo-2-0425-1B-Instruct",
  "train_vocab": "random",
  "target_mode": "real",
  "target_source": "input_embed",
  "target_layer": null,
  "target_prompt": null,
  "target_model": null,
  "target_metric": "pca_recon_err",
  "eval_query_mode": "self",
  "query_dict_path": null,
  "seed": 0,
  "pca_dim": 1,
  "n_train": 400,
  "n_test": 120,
  "max_new": 250,
  "tie_word_embeddings": false,
  "base_heldout": {
    "n_kept": 119,
    "parse_rate": 0.9916666666666667,
    "scalar_pearson_r": -0.07027129673134985,
    "scalar_spearman_r": -0.13604512203404168,
    "rsa": -0.07027129673134985,
    "rsa_p": 0.4352823588205897,
    "per_word_pearson_mean": -0.07027129673134985
  },
  "lora_trainable_params": 24117248,
  "embed_frozen": true,
  "ft_heldout": {
    "n_kept": 120,
    "parse_rate": 1.0,
    "scalar_pearson_r": 0.7971426097121079,
    "scalar_spearman_r": 0.8212357751470122,
    "rsa": 0.7971426097121079,
    "rsa_p": 0.0004997501249375312,
    "per_word_pearson_mean": 0.7971426097121079
  },
  "ft_trained": {
    "n_kept": 400,
    "parse_rate": 1.0,
    "scalar_pearson_r": 0.9999988715090666,
    "scalar_spearman_r": 0.9999937186910145,
    "rsa": 0.9999988715090666,
    "rsa_p": 0.0004997501249375312,
    "per_word_pearson_mean": 0.9999988715090666
  }
}