{
  "model": "<repo_root>/models\\pythia-1.4b",
  "train_vocab": "random",
  "target_mode": "real",
  "target_source": "input_embed",
  "target_layer": null,
  "target_prompt": null,
  "target_model": null,
  "target_metric": "pca",
  "eval_query_mode": "self",
  "query_dict_path": null,
  "seed": 0,
  "pca_dim": 32,
  "n_train": 400,
  "n_test": 120,
  "max_new": 250,
  "tie_word_embeddings": false,
  "base_heldout": {
    "n_kept": 99,
    "parse_rate": 0.825,
    "per_word_pearson_mean": -0.02628333697290099,
    "rsa": 0.0017039400745210349,
    "rsa_p": 0.8980509745127436
  },
  "lora_trainable_params": 25165824,
  "embed_frozen": true,
  "ft_heldout": {
    "n_kept": 119,
    "parse_rate": 0.9916666666666667,
    "per_word_pearson_mean": 0.22547747035634486,
    "rsa": 0.3241905655802092,
    "rsa_p": 0.0004997501249375312
  },
  "ft_trained": {
    "n_kept": 385,
    "parse_rate": 0.9625,
    "per_word_pearson_mean": 0.3963403510510531,
    "rsa": 0.4436788963619917,
    "rsa_p": 0.0004997501249375312
  }
}