{
  "model": "<repo_root>/models\\OLMo-2-0425-1B",
  "train_vocab": "random",
  "target_mode": "real",
  "target_source": "lm_head",
  "target_layer": null,
  "target_prompt": null,
  "target_model": null,
  "target_metric": "pca",
  "eval_query_mode": "self",
  "query_dict_path": null,
  "seed": 2,
  "pca_dim": 32,
  "n_train": 400,
  "n_test": 120,
  "max_new": 250,
  "tie_word_embeddings": false,
  "base_heldout": {
    "n_kept": 66,
    "parse_rate": 0.55,
    "per_word_pearson_mean": 0.21438319244211115,
    "rsa": -0.020229212511009998,
    "rsa_p": 0.4547726136931534
  },
  "lora_trainable_params": 24117248,
  "embed_frozen": true,
  "ft_heldout": {
    "n_kept": 120,
    "parse_rate": 1.0,
    "per_word_pearson_mean": 0.33389479610050987,
    "rsa": 0.42756869706229067,
    "rsa_p": 0.0004997501249375312
  },
  "ft_trained": {
    "n_kept": 399,
    "parse_rate": 0.9975,
    "per_word_pearson_mean": 0.6144977972822678,
    "rsa": 0.8452521457353556,
    "rsa_p": 0.0004997501249375312
  }
}