{
  "model": "<repo_root>/models\\pythia-1.4b",
  "train_vocab": "random",
  "target_mode": "real",
  "target_source": "lm_head",
  "target_layer": null,
  "target_prompt": null,
  "target_model": null,
  "seed": 1,
  "pca_dim": 32,
  "n_train": 400,
  "n_test": 120,
  "max_new": 250,
  "tie_word_embeddings": false,
  "base_heldout": {
    "n_kept": 91,
    "parse_rate": 0.7583333333333333,
    "per_word_pearson_mean": -0.0022703729367197774,
    "rsa": 0.0014195060612792972,
    "rsa_p": 0.9120439780109945
  },
  "lora_trainable_params": 25165824,
  "embed_frozen": true,
  "ft_heldout": {
    "n_kept": 78,
    "parse_rate": 0.65,
    "per_word_pearson_mean": 0.2586496926080016,
    "rsa": 0.4693506428634629,
    "rsa_p": 0.0004997501249375312
  },
  "ft_trained": {
    "n_kept": 223,
    "parse_rate": 0.5575,
    "per_word_pearson_mean": 0.40120498548614436,
    "rsa": 0.5552765447190672,
    "rsa_p": 0.0004997501249375312
  }
}