{
  "model": "<repo_root>/models\\pythia-1.4b",
  "train_vocab": "random",
  "target_mode": "real",
  "target_source": "input_embed",
  "target_layer": null,
  "target_prompt": null,
  "target_model": "<repo_root>/models\\OLMo-2-0425-1B-Instruct",
  "target_metric": "pca",
  "eval_query_mode": "self",
  "query_dict_path": null,
  "seed": 1,
  "pca_dim": 32,
  "n_train": 400,
  "n_test": 120,
  "max_new": 250,
  "tie_word_embeddings": false,
  "base_heldout": {
    "n_kept": 100,
    "parse_rate": 0.8333333333333334,
    "per_word_pearson_mean": 0.07712097850325726,
    "rsa": -0.00014156250971189893,
    "rsa_p": 0.9955022488755623
  },
  "lora_trainable_params": 25165824,
  "embed_frozen": true,
  "ft_heldout": {
    "n_kept": 120,
    "parse_rate": 1.0,
    "per_word_pearson_mean": 0.3515616590459828,
    "rsa": 0.4476461459509284,
    "rsa_p": 0.0004997501249375312
  },
  "ft_trained": {
    "n_kept": 398,
    "parse_rate": 0.995,
    "per_word_pearson_mean": 0.7472878246997191,
    "rsa": 0.7893705872381008,
    "rsa_p": 0.0004997501249375312
  }
}