{
  "model": "<repo_root>/models\\pythia-1.4b",
  "train_vocab": "basic",
  "target_mode": "random",
  "target_source": "input_embed",
  "target_layer": null,
  "target_prompt": null,
  "target_model": null,
  "seed": 0,
  "pca_dim": 32,
  "n_train": 400,
  "n_test": 120,
  "max_new": 250,
  "tie_word_embeddings": false,
  "base_heldout": {
    "n_kept": 92,
    "parse_rate": 0.7666666666666667,
    "per_word_pearson_mean": -0.11472642224856486,
    "rsa": -0.019944589652234345,
    "rsa_p": 0.7061469265367316
  },
  "ft_heldout": {
    "n_kept": 119,
    "parse_rate": 0.9916666666666667,
    "per_word_pearson_mean": 0.02475207699295708,
    "rsa": 0.000698656349930951,
    "rsa_p": 0.9720139930034982
  },
  "ft_trained": {
    "n_kept": 397,
    "parse_rate": 0.9925,
    "per_word_pearson_mean": 0.20078096797800069,
    "rsa": 0.12476121755723764,
    "rsa_p": 0.0004997501249375312
  }
}