{
  "model": "<repo_root>/models\\OLMo-2-0425-1B-Instruct",
  "n_fab": 16,
  "k": 5,
  "temperature": 0.7,
  "top_p": 0.9,
  "n_words_bank": 253,
  "seeds": 3,
  "mean_rsa": 0.019103425113453202,
  "rsa_sd": 0.03209260426713132,
  "p_values": [
    0.8585707146426786,
    0.9985007496251874,
    0.11394302848575712
  ],
  "n_sig": 0,
  "per_seed": [
    {
      "seed": 0,
      "n_kept": 108,
      "avg_samples": 1.25,
      "fab_cos": 0.7513785688214466,
      "rsa": -0.006896780955813108,
      "z": -0.15051859132772394,
      "p": 0.8585707146426786
    },
    {
      "seed": 1,
      "n_kept": 98,
      "avg_samples": 1.3061224489795917,
      "fab_cos": 0.6746714334697678,
      "rsa": -0.00011284713276745831,
      "z": -0.026728112061079518,
      "p": 0.9985007496251874
    },
    {
      "seed": 2,
      "n_kept": 97,
      "avg_samples": 1.2061855670103092,
      "fab_cos": 0.6713886981072175,
      "rsa": 0.06431990342894017,
      "z": 1.5941944818352327,
      "p": 0.11394302848575712
    }
  ]
}