{
  "model": "<repo_root>/models\\pythia-1.4b",
  "train_vocab": "random",
  "target_mode": "real",
  "target_source": "input_embed",
  "target_layer": null,
  "target_prompt": null,
  "target_model": null,
  "target_metric": "pca",
  "eval_query_mode": "definition",
  "query_dict_path": "<repo_root>/materials\\G1_queries\\pythia_definition_clean.json",
  "seed": 0,
  "pca_dim": 32,
  "n_train": 400,
  "n_test": 120,
  "max_new": 250,
  "tie_word_embeddings": false,
  "base_heldout": {
    "n_kept": 59,
    "parse_rate": 0.49166666666666664,
    "per_word_pearson_mean": -0.002090967033977769,
    "rsa": 0.035699517794979194,
    "rsa_p": 0.12993503248375812
  },
  "lora_trainable_params": 25165824,
  "embed_frozen": true,
  "ft_heldout": {
    "n_kept": 113,
    "parse_rate": 0.9416666666666667,
    "per_word_pearson_mean": 0.13086710862632206,
    "rsa": 0.1345436644351284,
    "rsa_p": 0.0004997501249375312
  },
  "ft_trained": {
    "n_kept": 385,
    "parse_rate": 0.9625,
    "per_word_pearson_mean": 0.3963403510510531,
    "rsa": 0.4436788963619917,
    "rsa_p": 0.0004997501249375312
  }
}