{
  "model": "<repo_root>/models\\Qwen2.5-3B-Instruct",
  "n_fab": 16,
  "k": 5,
  "temperature": 0.7,
  "top_p": 0.9,
  "n_words_bank": 253,
  "seeds": 3,
  "mean_rsa": 0.027980877704563135,
  "rsa_sd": 0.006351853098466751,
  "p_values": [
    0.12743628185907047,
    0.043478260869565216,
    0.2673663168415792
  ],
  "n_sig": 1,
  "per_seed": [
    {
      "seed": 0,
      "n_kept": 253,
      "avg_samples": 4.849802371541502,
      "fab_cos": 0.36454662642924685,
      "rsa": 0.027784232506997318,
      "z": 1.4902731490833079,
      "p": 0.12743628185907047
    },
    {
      "seed": 1,
      "n_kept": 253,
      "avg_samples": 4.790513833992095,
      "fab_cos": 0.3716316750319797,
      "rsa": 0.03585673556051192,
      "z": 2.103393066784703,
      "p": 0.043478260869565216
    },
    {
      "seed": 2,
      "n_kept": 253,
      "avg_samples": 4.873517786561265,
      "fab_cos": 0.35677896736347425,
      "rsa": 0.020301665046180174,
      "z": 1.0961934979446275,
      "p": 0.2673663168415792
    }
  ]
}