{
  "model": "<repo_root>/models\\pythia-1.4b",
  "train_vocab": "random",
  "target_mode": "real",
  "target_source": "input_embed",
  "target_layer": null,
  "target_prompt": null,
  "target_model": null,
  "target_metric": "pca",
  "eval_query_mode": "self",
  "query_dict_path": null,
  "seed": 2,
  "pca_dim": 32,
  "n_train": 400,
  "n_test": 120,
  "max_new": 250,
  "tie_word_embeddings": false,
  "base_heldout": {
    "n_kept": 99,
    "parse_rate": 0.825,
    "per_word_pearson_mean": 0.015635721174062065,
    "rsa": 0.024107753424637193,
    "rsa_p": 0.08295852073963018
  },
  "lora_trainable_params": 25165824,
  "embed_frozen": true,
  "ft_heldout": {
    "n_kept": 107,
    "parse_rate": 0.8916666666666667,
    "per_word_pearson_mean": 0.19776304768692016,
    "rsa": 0.21951858080371234,
    "rsa_p": 0.0004997501249375312
  },
  "ft_trained": {
    "n_kept": 337,
    "parse_rate": 0.8425,
    "per_word_pearson_mean": 0.43544756089142517,
    "rsa": 0.45339209763164434,
    "rsa_p": 0.0004997501249375312
  }
}