{
  "model": "<repo_root>/models\\OLMo-2-0425-1B",
  "train_vocab": "random",
  "target_mode": "real",
  "target_source": "input_embed",
  "target_layer": null,
  "target_prompt": null,
  "target_model": null,
  "target_metric": "pca",
  "eval_query_mode": "self",
  "query_dict_path": null,
  "seed": 1,
  "pca_dim": 32,
  "n_train": 400,
  "n_test": 120,
  "max_new": 250,
  "tie_word_embeddings": false,
  "base_heldout": {
    "n_kept": 80,
    "parse_rate": 0.6666666666666666,
    "per_word_pearson_mean": 0.10470478838923498,
    "rsa": 0.025852853266959006,
    "rsa_p": 0.1584207896051974
  },
  "lora_trainable_params": 24117248,
  "embed_frozen": true,
  "ft_heldout": {
    "n_kept": 120,
    "parse_rate": 1.0,
    "per_word_pearson_mean": 0.30785491534944937,
    "rsa": 0.4132679930926984,
    "rsa_p": 0.0004997501249375312
  },
  "ft_trained": {
    "n_kept": 400,
    "parse_rate": 1.0,
    "per_word_pearson_mean": 0.7762079870205227,
    "rsa": 0.7639275704756904,
    "rsa_p": 0.0004997501249375312
  }
}