{
  "model": "<repo_root>/models\\OLMo-2-0425-1B-Instruct",
  "train_vocab": "random",
  "target_mode": "real",
  "target_source": "hidden",
  "target_layer": 16,
  "target_prompt": "P3",
  "target_model": null,
  "seed": 0,
  "pca_dim": 32,
  "n_train": 400,
  "n_test": 120,
  "max_new": 250,
  "tie_word_embeddings": false,
  "base_heldout": {
    "n_kept": 1,
    "parse_rate": 0.008333333333333333
  },
  "ft_heldout": {
    "n_kept": 119,
    "parse_rate": 0.9916666666666667,
    "per_word_pearson_mean": 0.42830100951080924,
    "rsa": 0.5033032277561085,
    "rsa_p": 0.0004997501249375312
  },
  "ft_trained": {
    "n_kept": 400,
    "parse_rate": 1.0,
    "per_word_pearson_mean": 0.9273766615503185,
    "rsa": 0.9574395244813618,
    "rsa_p": 0.0004997501249375312
  }
}