{
  "model": "<repo_root>/models\\OLMo-2-0425-1B-Instruct",
  "experiment": "C6_mixed_target",
  "ratio": 0.7,
  "prompt_style": "verbal",
  "seed": 0,
  "train_vocab": "random",
  "pca_dim": 32,
  "n_train": 400,
  "n_test": 120,
  "n_train_ie": 280,
  "n_train_lh": 120,
  "max_new": 250,
  "tie_word_embeddings": false,
  "lora_trainable_params": 24117248,
  "embed_frozen": true,
  "ie_heldout": {
    "n_kept": 120,
    "parse_rate": 1.0,
    "per_word_pearson_mean": 0.32472525880902836,
    "rsa": 0.4735090686087015,
    "rsa_p": 0.0004997501249375312
  },
  "lh_heldout": {
    "n_kept": 120,
    "parse_rate": 1.0,
    "per_word_pearson_mean": 0.1749019136970355,
    "rsa": 0.19916278409540966,
    "rsa_p": 0.0004997501249375312
  },
  "swap_input_vs_lh": {
    "rsa": 0.11099330541381215,
    "rsa_p": 0.0004997501249375312,
    "n_kept": 120,
    "parse_rate": 1.0
  },
  "swap_output_vs_ie": {
    "rsa": 0.12723508776510065,
    "rsa_p": 0.0004997501249375312,
    "n_kept": 120,
    "parse_rate": 1.0
  }
}