{
  "model": "<repo_root>/models\\OLMo-2-0425-1B",
  "train_vocab": "random",
  "target_mode": "random",
  "target_source": "input_embed",
  "target_layer": null,
  "target_prompt": null,
  "target_model": null,
  "target_metric": "pca",
  "eval_query_mode": "self",
  "query_dict_path": null,
  "seed": 0,
  "pca_dim": 32,
  "n_train": 400,
  "n_test": 120,
  "max_new": 250,
  "tie_word_embeddings": false,
  "base_heldout": {
    "n_kept": 89,
    "parse_rate": 0.7416666666666667,
    "per_word_pearson_mean": -0.19326364862494938,
    "rsa": -0.0011435341545004481,
    "rsa_p": 0.9500249875062469
  },
  "lora_trainable_params": 24117248,
  "embed_frozen": true,
  "ft_heldout": {
    "n_kept": 119,
    "parse_rate": 0.9916666666666667,
    "per_word_pearson_mean": 0.001032050468224183,
    "rsa": 0.002206957870187492,
    "rsa_p": 0.8460769615192404
  },
  "ft_trained": {
    "n_kept": 399,
    "parse_rate": 0.9975,
    "per_word_pearson_mean": 0.4478925300125712,
    "rsa": 0.3223465361565876,
    "rsa_p": 0.0004997501249375312
  }
}