{
  "model": "<repo_root>/models\\Qwen3-1.7B",
  "n_fab": 16,
  "k": 5,
  "temperature": 0.7,
  "top_p": 0.9,
  "n_words_bank": 253,
  "seeds": 3,
  "mean_rsa": 0.25020779597838905,
  "rsa_sd": 0.5302403305979877,
  "p_values": [
    0.5232383808095952,
    0.743128435782109,
    0.3288355822088955
  ],
  "n_sig": 0,
  "per_seed": [
    {
      "seed": 0,
      "n_kept": 10,
      "avg_samples": 1.0,
      "fab_cos": 0.6770990761664988,
      "rsa": -0.13422509691331772,
      "z": -0.7070405677963968,
      "p": 0.5232383808095952
    },
    {
      "seed": 1,
      "n_kept": 5,
      "avg_samples": 1.0,
      "fab_cos": 0.67572843940199,
      "rsa": -0.11515151515151514,
      "z": -0.3214186064903473,
      "p": 0.743128435782109
    },
    {
      "seed": 2,
      "n_kept": 3,
      "avg_samples": 1.0,
      "fab_cos": 0.4616717455761347,
      "rsa": 1.0,
      "z": 1.3891589906540138,
      "p": 0.3288355822088955
    }
  ]
}