{
  "model": "<repo_root>/models\\pythia-1.4b",
  "train_vocab": "random",
  "target_mode": "real",
  "target_source": "lm_head",
  "target_layer": null,
  "target_prompt": null,
  "target_model": "<repo_root>/models\\OLMo-2-0425-1B-Instruct",
  "seed": 0,
  "pca_dim": 32,
  "n_train": 400,
  "n_test": 120,
  "max_new": 250,
  "tie_word_embeddings": false,
  "base_heldout": {
    "n_kept": 101,
    "parse_rate": 0.8416666666666667,
    "per_word_pearson_mean": 0.007324040184303179,
    "rsa": 0.01440733640619475,
    "rsa_p": 0.2608695652173913
  },
  "lora_trainable_params": 25165824,
  "embed_frozen": true,
  "ft_heldout": {
    "n_kept": 120,
    "parse_rate": 1.0,
    "per_word_pearson_mean": 0.16389916955276299,
    "rsa": 0.1446767199421808,
    "rsa_p": 0.0004997501249375312
  },
  "ft_trained": {
    "n_kept": 391,
    "parse_rate": 0.9775,
    "per_word_pearson_mean": 0.4268099189246268,
    "rsa": 0.5603162170767537,
    "rsa_p": 0.0004997501249375312
  }
}