{
  "model": "<repo_root>/models\\pythia-1.4b",
  "train_vocab": "random",
  "target_mode": "real",
  "target_source": "input_embed",
  "target_layer": null,
  "target_prompt": null,
  "target_model": "<repo_root>/models\\OLMo-2-0425-1B-Instruct",
  "seed": 0,
  "pca_dim": 32,
  "n_train": 400,
  "n_test": 120,
  "max_new": 250,
  "tie_word_embeddings": false,
  "base_heldout": {
    "n_kept": 102,
    "parse_rate": 0.85,
    "per_word_pearson_mean": -0.06265567810758542,
    "rsa": -0.01969760329892879,
    "rsa_p": 0.42628685657171417
  },
  "lora_trainable_params": 25165824,
  "embed_frozen": true,
  "ft_heldout": {
    "n_kept": 120,
    "parse_rate": 1.0,
    "per_word_pearson_mean": 0.30931611308570456,
    "rsa": 0.4015076107851949,
    "rsa_p": 0.0004997501249375312
  },
  "ft_trained": {
    "n_kept": 395,
    "parse_rate": 0.9875,
    "per_word_pearson_mean": 0.6830379511208235,
    "rsa": 0.7363886735888124,
    "rsa_p": 0.0004997501249375312
  }
}