{
  "model": "<repo_root>/models\\pythia-1.4b",
  "train_vocab": "random",
  "target_mode": "real",
  "target_source": "lm_head",
  "target_layer": null,
  "target_prompt": null,
  "target_model": null,
  "seed": 0,
  "pca_dim": 32,
  "n_train": 400,
  "n_test": 120,
  "max_new": 250,
  "tie_word_embeddings": false,
  "base_heldout": {
    "n_kept": 100,
    "parse_rate": 0.8333333333333334,
    "per_word_pearson_mean": -0.030627215293434644,
    "rsa": -0.02266673910039616,
    "rsa_p": 0.46976511744127936
  },
  "lora_trainable_params": 25165824,
  "embed_frozen": true,
  "ft_heldout": {
    "n_kept": 119,
    "parse_rate": 0.9916666666666667,
    "per_word_pearson_mean": 0.25961472075812236,
    "rsa": 0.3091460794441816,
    "rsa_p": 0.0004997501249375312
  },
  "ft_trained": {
    "n_kept": 397,
    "parse_rate": 0.9925,
    "per_word_pearson_mean": 0.42310339483495646,
    "rsa": 0.5619091185199993,
    "rsa_p": 0.0004997501249375312
  }
}