{
  "model": "<repo_root>/models\\OLMo-2-0425-1B-Instruct",
  "train_vocab": "random",
  "target_mode": "real",
  "target_source": "input_embed",
  "target_layer": null,
  "target_prompt": null,
  "target_model": null,
  "target_metric": "pca",
  "eval_query_mode": "definition",
  "query_dict_path": "<repo_root>/materials\\G1_queries\\olmo_definition_clean.json",
  "seed": 0,
  "pca_dim": 32,
  "n_train": 400,
  "n_test": 120,
  "max_new": 250,
  "tie_word_embeddings": false,
  "base_heldout": {
    "n_kept": 17,
    "parse_rate": 0.14166666666666666,
    "per_word_pearson_mean": 0.18030157489685844,
    "rsa": -0.13395498063587485,
    "rsa_p": 0.19790104947526238
  },
  "lora_trainable_params": 24117248,
  "embed_frozen": true,
  "ft_heldout": {
    "n_kept": 119,
    "parse_rate": 0.9916666666666667,
    "per_word_pearson_mean": 0.23163441227603168,
    "rsa": 0.273434356975984,
    "rsa_p": 0.0004997501249375312
  },
  "ft_trained": {
    "n_kept": 400,
    "parse_rate": 1.0,
    "per_word_pearson_mean": 0.9112356218742883,
    "rsa": 0.8953194632774355,
    "rsa_p": 0.0004997501249375312
  }
}