{
  "model": "<repo_root>/models\\OLMo-2-0425-1B-Instruct",
  "train_vocab": "random",
  "target_mode": "real",
  "target_source": "input_embed",
  "target_layer": null,
  "target_prompt": null,
  "target_model": null,
  "target_metric": "l2norm",
  "eval_query_mode": "self",
  "query_dict_path": null,
  "seed": 2,
  "pca_dim": 1,
  "n_train": 400,
  "n_test": 120,
  "max_new": 250,
  "tie_word_embeddings": false,
  "base_heldout": {
    "n_kept": 120,
    "parse_rate": 1.0,
    "scalar_pearson_r": 0.09145975427558407,
    "scalar_spearman_r": 0.08941367911951693,
    "rsa": 0.09145975427558407,
    "rsa_p": 0.3153423288355822,
    "per_word_pearson_mean": 0.09145975427558407
  },
  "lora_trainable_params": 24117248,
  "embed_frozen": true,
  "ft_heldout": {
    "n_kept": 120,
    "parse_rate": 1.0,
    "scalar_pearson_r": 0.7532935676991319,
    "scalar_spearman_r": 0.7479579965349212,
    "rsa": 0.7532935676991319,
    "rsa_p": 0.0004997501249375312,
    "per_word_pearson_mean": 0.7532935676991319
  },
  "ft_trained": {
    "n_kept": 400,
    "parse_rate": 1.0,
    "scalar_pearson_r": 0.9999991821487603,
    "scalar_spearman_r": 0.999993671815426,
    "rsa": 0.9999991821487603,
    "rsa_p": 0.0004997501249375312,
    "per_word_pearson_mean": 0.9999991821487603
  }
}