{
  "model": "<repo_root>/models\\OLMo-2-0425-1B",
  "train_vocab": "random",
  "target_mode": "real",
  "target_source": "hidden",
  "target_layer": 12,
  "target_prompt": "P4",
  "target_model": null,
  "target_metric": "pca",
  "eval_query_mode": "self",
  "query_dict_path": null,
  "seed": 2,
  "pca_dim": 32,
  "n_train": 400,
  "n_test": 120,
  "max_new": 250,
  "tie_word_embeddings": false,
  "base_heldout": {
    "n_kept": 66,
    "parse_rate": 0.55,
    "per_word_pearson_mean": -0.3835584439276478,
    "rsa": -0.01304435427434093,
    "rsa_p": 0.6581709145427287
  },
  "lora_trainable_params": 24117248,
  "embed_frozen": true,
  "ft_heldout": {
    "n_kept": 120,
    "parse_rate": 1.0,
    "per_word_pearson_mean": 0.4575305309661314,
    "rsa": 0.6257154625996287,
    "rsa_p": 0.0004997501249375312
  },
  "ft_trained": {
    "n_kept": 399,
    "parse_rate": 0.9975,
    "per_word_pearson_mean": 0.8416615213589369,
    "rsa": 0.9243014943139962,
    "rsa_p": 0.0004997501249375312
  }
}