{
  "model": "<repo_root>/models\\OLMo-2-0425-1B-Instruct",
  "experiment": "C6_mixed_target",
  "ratio": 0.7,
  "prompt_style": "tag",
  "seed": 2,
  "train_vocab": "random",
  "pca_dim": 32,
  "n_train": 400,
  "n_test": 120,
  "n_train_ie": 280,
  "n_train_lh": 120,
  "max_new": 250,
  "tie_word_embeddings": false,
  "ie_heldout": {
    "n_kept": 120,
    "parse_rate": 1.0,
    "per_word_pearson_mean": 0.32264092238615294,
    "rsa": 0.44528108959656526,
    "rsa_p": 0.0004997501249375312
  },
  "lh_heldout": {
    "n_kept": 120,
    "parse_rate": 1.0,
    "per_word_pearson_mean": 0.22336238850126758,
    "rsa": 0.2790956554004668,
    "rsa_p": 0.0004997501249375312
  },
  "swap_input_vs_lh": {
    "rsa": 0.20076927318819168,
    "rsa_p": 0.0004997501249375312,
    "n_kept": 120,
    "parse_rate": 1.0
  },
  "swap_output_vs_ie": {
    "rsa": 0.25126287854081863,
    "rsa_p": 0.0004997501249375312,
    "n_kept": 120,
    "parse_rate": 1.0
  }
}