{
  "model": "<repo_root>/models\\pythia-1.4b",
  "experiment": "C6_mixed_target",
  "ratio": 0.7,
  "prompt_style": "tag",
  "seed": 1,
  "train_vocab": "random",
  "pca_dim": 32,
  "n_train": 400,
  "n_test": 120,
  "n_train_ie": 280,
  "n_train_lh": 120,
  "max_new": 250,
  "tie_word_embeddings": false,
  "lora_trainable_params": 25165824,
  "embed_frozen": true,
  "ie_heldout": {
    "n_kept": 79,
    "parse_rate": 0.6583333333333333,
    "per_word_pearson_mean": 0.17384060794593234,
    "rsa": 0.19223994817559736,
    "rsa_p": 0.0004997501249375312
  },
  "lh_heldout": {
    "n_kept": 81,
    "parse_rate": 0.675,
    "per_word_pearson_mean": 0.11789562768738232,
    "rsa": 0.09924811325242283,
    "rsa_p": 0.0004997501249375312
  },
  "swap_input_vs_lh": {
    "rsa": 0.03969439349531746,
    "rsa_p": 0.030484757621189407,
    "n_kept": 79,
    "parse_rate": 0.6583333333333333
  },
  "swap_output_vs_ie": {
    "rsa": 0.0866449607625885,
    "rsa_p": 0.0004997501249375312,
    "n_kept": 81,
    "parse_rate": 0.675
  }
}