{
  "model": "<repo_root>/models\\OLMo-2-0425-1B-Instruct",
  "experiment": "C6_mixed_target",
  "ratio": 0.7,
  "prompt_style": "tag",
  "seed": 1,
  "train_vocab": "random",
  "pca_dim": 32,
  "n_train": 400,
  "n_test": 120,
  "n_train_ie": 280,
  "n_train_lh": 120,
  "max_new": 250,
  "tie_word_embeddings": false,
  "base_heldout": {
    "n_kept": 1,
    "parse_rate": 0.008333333333333333
  },
  "ie_heldout": {
    "n_kept": 119,
    "parse_rate": 0.9916666666666667,
    "per_word_pearson_mean": 0.3805856491883487,
    "rsa": 0.44825095169669527,
    "rsa_p": 0.0004997501249375312
  },
  "lh_heldout": {
    "n_kept": 120,
    "parse_rate": 1.0,
    "per_word_pearson_mean": 0.2536338346681641,
    "rsa": 0.3275369726695918,
    "rsa_p": 0.0004997501249375312
  },
  "swap_input_vs_lh": {
    "rsa": 0.16633760799687966,
    "rsa_p": 0.0004997501249375312,
    "n_kept": 119,
    "parse_rate": 0.9916666666666667
  },
  "swap_output_vs_ie": {
    "rsa": 0.22021473552438828,
    "rsa_p": 0.0004997501249375312,
    "n_kept": 120,
    "parse_rate": 1.0
  }
}