{
  "model": "Qwen/Qwen2.5-0.5B-Instruct",
  "n_fab": 16,
  "k": 5,
  "temperature": 0.7,
  "top_p": 0.9,
  "n_words_bank": 253,
  "seeds": 3,
  "mean_rsa": 0.013931254527205866,
  "rsa_sd": 0.002548219539468586,
  "p_values": [
    0.392303848075962,
    0.36231884057971014,
    0.1809095452273863
  ],
  "n_sig": 0,
  "per_seed": [
    {
      "seed": 0,
      "n_kept": 229,
      "avg_samples": 2.2882096069868996,
      "fab_cos": 0.14178877567905848,
      "rsa": 0.01286173869151192,
      "z": 0.8450606337611531,
      "p": 0.392303848075962
    },
    {
      "seed": 1,
      "n_kept": 237,
      "avg_samples": 2.270042194092827,
      "fab_cos": 0.12303920043926848,
      "rsa": 0.0114857043838125,
      "z": 0.8781050647642055,
      "p": 0.36231884057971014
    },
    {
      "seed": 2,
      "n_kept": 239,
      "avg_samples": 2.196652719665272,
      "fab_cos": 0.11745867190184386,
      "rsa": 0.01744632050629318,
      "z": 1.3636113192106232,
      "p": 0.1809095452273863
    }
  ]
}