{
  "model": "<repo_root>/models\\pythia-1.4b",
  "train_vocab": "random",
  "target_mode": "real",
  "target_source": "input_embed",
  "target_layer": null,
  "target_prompt": null,
  "target_model": null,
  "target_metric": "tokenid_binary",
  "eval_query_mode": "self",
  "query_dict_path": null,
  "seed": 0,
  "pca_dim": 16,
  "n_train": 400,
  "n_test": 120,
  "max_new": 250,
  "tie_word_embeddings": false,
  "base_heldout": {
    "n_kept": 109,
    "parse_rate": 0.9083333333333333,
    "per_word_pearson_mean": -0.06211875123974256,
    "rsa": -0.010907117348807782,
    "rsa_p": 0.46926536731634183
  },
  "lora_trainable_params": 25165824,
  "embed_frozen": true,
  "ft_heldout": {
    "n_kept": 120,
    "parse_rate": 1.0,
    "per_word_pearson_mean": 0.03398109393377742,
    "rsa": 0.0038344725165355233,
    "rsa_p": 0.8755622188905547
  },
  "ft_trained": {
    "n_kept": 400,
    "parse_rate": 1.0,
    "per_word_pearson_mean": 0.23366428683301624,
    "rsa": 0.3721321818835927,
    "rsa_p": 0.0004997501249375312
  }
}