{
  "model": "<repo_root>/models\\pythia-1.4b",
  "train_vocab": "random",
  "target_mode": "real",
  "target_source": "hidden",
  "target_layer": 24,
  "target_prompt": "P4",
  "target_model": null,
  "seed": 0,
  "pca_dim": 32,
  "n_train": 400,
  "n_test": 120,
  "max_new": 250,
  "tie_word_embeddings": false,
  "base_heldout": {
    "n_kept": 92,
    "parse_rate": 0.7666666666666667,
    "per_word_pearson_mean": -0.003918375598694228,
    "rsa": 0.026676637525894827,
    "rsa_p": 0.17791104447776113
  },
  "lora_trainable_params": 25165824,
  "embed_frozen": true,
  "ft_heldout": {
    "n_kept": 107,
    "parse_rate": 0.8916666666666667,
    "per_word_pearson_mean": 0.36941403325409633,
    "rsa": 0.4753755705844862,
    "rsa_p": 0.0004997501249375312
  },
  "ft_trained": {
    "n_kept": 380,
    "parse_rate": 0.95,
    "per_word_pearson_mean": 0.8840048892490785,
    "rsa": 0.972977599764137,
    "rsa_p": 0.0004997501249375312
  }
}