{
  "model": "<repo_root>/models\\pythia-1.4b",
  "train_vocab": "random",
  "target_mode": "real",
  "target_source": "hidden",
  "target_layer": 12,
  "target_prompt": "P4",
  "target_model": null,
  "target_metric": "pca",
  "eval_query_mode": "self",
  "query_dict_path": null,
  "seed": 1,
  "pca_dim": 32,
  "n_train": 400,
  "n_test": 120,
  "max_new": 250,
  "tie_word_embeddings": false,
  "base_heldout": {
    "n_kept": 98,
    "parse_rate": 0.8166666666666667,
    "per_word_pearson_mean": 0.03178082428139988,
    "rsa": -0.003106923979371244,
    "rsa_p": 0.7631184407796102
  },
  "ft_heldout": {
    "n_kept": 113,
    "parse_rate": 0.9416666666666667,
    "per_word_pearson_mean": 0.1984578357615739,
    "rsa": 0.03236070580358661,
    "rsa_p": 0.01899050474762619
  },
  "ft_trained": {
    "n_kept": 390,
    "parse_rate": 0.975,
    "per_word_pearson_mean": 0.9239032158674816,
    "rsa": 0.9967336298652627,
    "rsa_p": 0.0004997501249375312
  }
}