{
  "model": "<repo_root>/models\\pythia-1.4b",
  "train_vocab": "random",
  "target_mode": "real",
  "target_source": "lm_head",
  "target_layer": null,
  "target_prompt": null,
  "target_model": "<repo_root>/models\\OLMo-2-0425-1B-Instruct",
  "target_metric": "pca",
  "eval_query_mode": "self",
  "query_dict_path": null,
  "seed": 2,
  "pca_dim": 32,
  "n_train": 400,
  "n_test": 120,
  "max_new": 250,
  "tie_word_embeddings": false,
  "base_heldout": {
    "n_kept": 95,
    "parse_rate": 0.7916666666666666,
    "per_word_pearson_mean": 0.020155413371903425,
    "rsa": 0.008064569444733117,
    "rsa_p": 0.5292353823088456
  },
  "lora_trainable_params": 25165824,
  "embed_frozen": true,
  "ft_heldout": {
    "n_kept": 120,
    "parse_rate": 1.0,
    "per_word_pearson_mean": 0.25971982697466905,
    "rsa": 0.3203136983113117,
    "rsa_p": 0.0004997501249375312
  },
  "ft_trained": {
    "n_kept": 399,
    "parse_rate": 0.9975,
    "per_word_pearson_mean": 0.4699967693064895,
    "rsa": 0.5913689715701074,
    "rsa_p": 0.0004997501249375312
  }
}