{
  "model": "<repo_root>/models\\pythia-1.4b",
  "experiment": "C6_mixed_target",
  "ratio": 0.7,
  "prompt_style": "tag",
  "seed": 2,
  "train_vocab": "random",
  "pca_dim": 32,
  "n_train": 400,
  "n_test": 120,
  "n_train_ie": 280,
  "n_train_lh": 120,
  "max_new": 250,
  "tie_word_embeddings": false,
  "lora_trainable_params": 25165824,
  "embed_frozen": true,
  "ie_heldout": {
    "n_kept": 119,
    "parse_rate": 0.9916666666666667,
    "per_word_pearson_mean": 0.17221189443871263,
    "rsa": 0.20573064039481362,
    "rsa_p": 0.0004997501249375312
  },
  "lh_heldout": {
    "n_kept": 110,
    "parse_rate": 0.9166666666666666,
    "per_word_pearson_mean": 0.08134791398018432,
    "rsa": 0.05592018421121615,
    "rsa_p": 0.0004997501249375312
  },
  "swap_input_vs_lh": {
    "rsa": 0.031445349620701085,
    "rsa_p": 0.017991004497751123,
    "n_kept": 119,
    "parse_rate": 0.9916666666666667
  },
  "swap_output_vs_ie": {
    "rsa": 0.10103301550064131,
    "rsa_p": 0.0004997501249375312,
    "n_kept": 110,
    "parse_rate": 0.9166666666666666
  }
}