{
  "name": "pythia->OLMo(cross)",
  "n": 149,
  "top1": 0.0738255033557047,
  "top5": 0.2751677852348993,
  "mrr": 0.17475736714318174,
  "Wsize": 150
}