{
  "name": "pythia->pythia(self)",
  "n": 150,
  "top1": 0.08,
  "top5": 0.21333333333333335,
  "mrr": 0.17136685273045577,
  "Wsize": 150
}