{
  "name": "OLMo->pythia(cross)",
  "n": 150,
  "top1": 0.07333333333333333,
  "top5": 0.3333333333333333,
  "mrr": 0.19248486113557575,
  "Wsize": 150
}