{
  "model": "<repo_root>/models\\Llama-3.2-3B-Instruct",
  "n_fab": 16,
  "k": 5,
  "temperature": 0.7,
  "top_p": 0.9,
  "n_words_bank": 253,
  "seeds": 3,
  "mean_rsa": -0.004353385172012325,
  "rsa_sd": 0.009029735652855692,
  "p_values": [
    0.4497751124437781,
    0.7096451774112944,
    0.059470264867566215
  ],
  "n_sig": 0,
  "per_seed": [
    {
      "seed": 0,
      "n_kept": 191,
      "avg_samples": 1.7329842931937174,
      "fab_cos": 0.0605311614972335,
      "rsa": 0.0070105711969095956,
      "z": 0.7632781903275663,
      "p": 0.4497751124437781
    },
    {
      "seed": 1,
      "n_kept": 175,
      "avg_samples": 1.7314285714285715,
      "fab_cos": 0.10510428447799956,
      "rsa": -0.004990607596814646,
      "z": -0.35762680295192484,
      "p": 0.7096451774112944
    },
    {
      "seed": 2,
      "n_kept": 212,
      "avg_samples": 1.669811320754717,
      "fab_cos": 0.051010268241834744,
      "rsa": -0.015080119116131923,
      "z": -1.848185301070641,
      "p": 0.059470264867566215
    }
  ]
}