{
  "model": "<repo_root>/models\\OLMo-2-0425-1B-Instruct",
  "experiment": "C6_mixed_target",
  "ratio": 0.7,
  "prompt_style": "tag",
  "seed": 0,
  "train_vocab": "random",
  "pca_dim": 32,
  "n_train": 400,
  "n_test": 120,
  "n_train_ie": 280,
  "n_train_lh": 120,
  "max_new": 250,
  "tie_word_embeddings": false,
  "base_heldout": {
    "n_kept": 1,
    "parse_rate": 0.008333333333333333
  },
  "lora_trainable_params": 24117248,
  "embed_frozen": true,
  "ie_heldout": {
    "n_kept": 120,
    "parse_rate": 1.0,
    "per_word_pearson_mean": 0.33641688986037044,
    "rsa": 0.4260088147990041,
    "rsa_p": 0.0004997501249375312
  },
  "lh_heldout": {
    "n_kept": 120,
    "parse_rate": 1.0,
    "per_word_pearson_mean": 0.20229300418774898,
    "rsa": 0.19954039301423437,
    "rsa_p": 0.0004997501249375312
  },
  "swap_input_vs_lh": {
    "rsa": 0.09826635424209167,
    "rsa_p": 0.0004997501249375312,
    "n_kept": 120,
    "parse_rate": 1.0
  },
  "swap_output_vs_ie": {
    "rsa": 0.13318279083843312,
    "rsa_p": 0.0004997501249375312,
    "n_kept": 120,
    "parse_rate": 1.0
  }
}