{
  "model": "<repo_root>/models\\SmolLM3-3B",
  "n_fab": 16,
  "k": 5,
  "temperature": 0.7,
  "top_p": 0.9,
  "n_words_bank": 253,
  "seeds": 3,
  "mean_rsa": 0.1491568649258461,
  "rsa_sd": 0.0924175658661914,
  "p_values": [
    0.632183908045977,
    0.19940029985007496,
    0.48125937031484256
  ],
  "n_sig": 0,
  "per_seed": [
    {
      "seed": 0,
      "n_kept": 12,
      "avg_samples": 1.0,
      "fab_cos": 0.3722826140557977,
      "rsa": 0.09470827679782903,
      "z": 0.49094318092397393,
      "p": 0.632183908045977
    },
    {
      "seed": 1,
      "n_kept": 9,
      "avg_samples": 1.1111111111111112,
      "fab_cos": 0.4212636462519072,
      "rsa": 0.2792792792792793,
      "z": 1.3469945469042746,
      "p": 0.19940029985007496
    },
    {
      "seed": 2,
      "n_kept": 14,
      "avg_samples": 1.0,
      "fab_cos": 0.20558578703433808,
      "rsa": 0.07348303870043,
      "z": 0.6991580181884978,
      "p": 0.48125937031484256
    }
  ]
}