{
  "model": "<repo_root>/models\\pythia-1.4b",
  "train_vocab": "random",
  "target_mode": "real",
  "target_source": "input_embed",
  "target_layer": null,
  "target_prompt": null,
  "target_model": null,
  "target_metric": "pca",
  "eval_query_mode": "definition",
  "query_dict_path": "<repo_root>/materials\\G1_queries\\pythia_definition_clean.json",
  "seed": 2,
  "pca_dim": 32,
  "n_train": 400,
  "n_test": 120,
  "max_new": 250,
  "tie_word_embeddings": false,
  "base_heldout": {
    "n_kept": 58,
    "parse_rate": 0.48333333333333334,
    "per_word_pearson_mean": 0.039351756675083185,
    "rsa": 0.11602191861143686,
    "rsa_p": 0.0004997501249375312
  },
  "lora_trainable_params": 25165824,
  "embed_frozen": true,
  "ft_heldout": {
    "n_kept": 100,
    "parse_rate": 0.8333333333333334,
    "per_word_pearson_mean": 0.1191407771681067,
    "rsa": 0.13058798456807466,
    "rsa_p": 0.0004997501249375312
  },
  "ft_trained": {
    "n_kept": 337,
    "parse_rate": 0.8425,
    "per_word_pearson_mean": 0.43544756089142517,
    "rsa": 0.45339209763164434,
    "rsa_p": 0.0004997501249375312
  }
}