{
  "model": "<repo_root>/models\\pythia-1.4b",
  "train_vocab": "random",
  "target_mode": "real",
  "target_source": "hidden",
  "target_layer": 12,
  "target_prompt": "P4",
  "target_model": null,
  "target_metric": "pca",
  "eval_query_mode": "self",
  "query_dict_path": null,
  "seed": 2,
  "pca_dim": 32,
  "n_train": 400,
  "n_test": 120,
  "max_new": 250,
  "tie_word_embeddings": false,
  "base_heldout": {
    "n_kept": 99,
    "parse_rate": 0.825,
    "per_word_pearson_mean": -0.07512713098990767,
    "rsa": -0.025480124961657722,
    "rsa_p": 0.42628685657171417
  },
  "lora_trainable_params": 25165824,
  "embed_frozen": true,
  "ft_heldout": {
    "n_kept": 94,
    "parse_rate": 0.7833333333333333,
    "per_word_pearson_mean": -0.01235275708134938,
    "rsa": 0.01784692778483054,
    "rsa_p": 0.12643678160919541
  },
  "ft_trained": {
    "n_kept": 333,
    "parse_rate": 0.8325,
    "per_word_pearson_mean": 0.885295131496821,
    "rsa": 0.9957743226178232,
    "rsa_p": 0.0004997501249375312
  }
}