{
  "model": "<repo_root>/models\\pythia-1.4b",
  "train_vocab": "random",
  "target_mode": "real",
  "target_source": "lm_head",
  "target_layer": null,
  "target_prompt": null,
  "target_model": null,
  "seed": 0,
  "pca_dim": 32,
  "n_train": 400,
  "n_test": 120,
  "max_new": 250,
  "tie_word_embeddings": false,
  "base_heldout": {
    "n_kept": 89,
    "parse_rate": 0.7416666666666667,
    "per_word_pearson_mean": 0.07619397858634618,
    "rsa": 0.0007140970824860857,
    "rsa_p": 0.974512743628186
  },
  "lora_trainable_params": 25165824,
  "embed_frozen": true,
  "ft_heldout": {
    "n_kept": 70,
    "parse_rate": 0.5833333333333334,
    "per_word_pearson_mean": 0.2652848358587467,
    "rsa": 0.29529587204635654,
    "rsa_p": 0.0004997501249375312
  },
  "ft_trained": {
    "n_kept": 258,
    "parse_rate": 0.645,
    "per_word_pearson_mean": 0.49611893612602276,
    "rsa": 0.5960478469627174,
    "rsa_p": 0.0004997501249375312
  }
}