{
  "qwen3-1.7b": {
    "ok": true,
    "rc": 0,
    "best": {
      "layer": 23,
      "test_cos": 0.1899087058425385,
      "test_rsa": 0.4521236051690993,
      "rsa_p": 0.0004997501249375312,
      "tie": true,
      "n_layers": 28,
      "dim": 2048
    }
  },
  "llama3.2-3b": {
    "ok": true,
    "rc": 0,
    "best": {
      "layer": 28,
      "test_cos": 0.20901270782488424,
      "test_rsa": 0.5799664317137514,
      "rsa_p": 0.0004997501249375312,
      "tie": true,
      "n_layers": 28,
      "dim": 3072
    }
  },
  "gemma3-1b": {
    "ok": true,
    "rc": 0,
    "best": {
      "layer": 26,
      "test_cos": 0.2758940700040327,
      "test_rsa": 0.45315384702229095,
      "rsa_p": 0.0004997501249375312,
      "tie": true,
      "n_layers": 26,
      "dim": 1152
    }
  },
  "smollm3-3b": {
    "ok": true,
    "rc": 0,
    "best": {
      "layer": 6,
      "test_cos": 0.2618694952120942,
      "test_rsa": 0.5480923712624669,
      "rsa_p": 0.0004997501249375312,
      "tie": true,
      "n_layers": 36,
      "dim": 2048
    }
  },
  "olmo2-1b": {
    "ok": true,
    "rc": 0,
    "best": {
      "layer": 13,
      "test_cos": 0.2905067655391199,
      "test_rsa": 0.6794908134461887,
      "rsa_p": 0.0004997501249375312,
      "tie": false,
      "n_layers": 16,
      "dim": 2048
    }
  }
}