{
  "model": "<repo_root>/models\\pythia-1.4b",
  "train_vocab": "basic",
  "target_mode": "real",
  "target_source": "input_embed",
  "target_layer": null,
  "target_prompt": null,
  "target_model": null,
  "seed": 0,
  "pca_dim": 32,
  "n_train": 400,
  "n_test": 120,
  "max_new": 250,
  "tie_word_embeddings": false,
  "base_heldout": {
    "n_kept": 98,
    "parse_rate": 0.8166666666666667,
    "per_word_pearson_mean": -0.10643909382887026,
    "rsa": -0.06710395300315403,
    "rsa_p": 0.1889055472263868
  },
  "lora_trainable_params": 25165824,
  "embed_frozen": true,
  "ft_heldout": {
    "n_kept": 119,
    "parse_rate": 0.9916666666666667,
    "per_word_pearson_mean": 0.18469622899112886,
    "rsa": 0.18085318398423514,
    "rsa_p": 0.0004997501249375312
  },
  "ft_trained": {
    "n_kept": 397,
    "parse_rate": 0.9925,
    "per_word_pearson_mean": 0.4869722405198459,
    "rsa": 0.5458872229844628,
    "rsa_p": 0.0004997501249375312
  }
}